CPU Load (%),Memory Usage (%),Network Speed (Mbps),Task Size (MB),Task Priority,"Scheduling Decision (0 = Local, 1 = Cloud)"
44,16,97.12162347179121,20.78302046132943,0,0
67,66,63.14069933860584,17.009484240148247,0,0
37,50,77.7372267908905,3.13449585001118,1,0
30,37,88.46530875171669,41.63875392255842,1,0
26,58,56.76044333331152,22.363347247687692,1,0
60,31,46.626437035371765,13.24765532448168,0,0
38,74,30.23675075994984,6.273268009087122,1,0
57,20,70.41665092622752,47.75458109251807,0,0
64,35,79.94660205739079,34.19681842833323,0,0
64,36,72.42345905944659,13.114795262654093,1,0
58,74,59.68251527149952,28.495587991586977,0,0
14,82,83.20627430904294,43.7806416696618,0,0
30,85,63.73284230829792,46.14789313551172,0,0
57,69,48.239276379615724,24.931708170352298,0,0
49,23,78.88606346779879,23.52149533401981,0,0
55,18,51.49755276425301,5.653843730125893,1,0
99,81,86.85068716317826,17.451233181176683,1,1
26,57,97.50051095095284,46.56409865204674,1,0
10,67,99.43730782137123,46.88035621760269,1,0
57,85,60.60157558242768,13.552338688502653,0,0
55,43,80.87389046993886,23.198826569216354,1,0
81,18,55.15402805121627,39.96776657440687,0,1
88,82,73.21972771138718,26.102848768520094,1,1
44,58,22.82871070905841,46.5750800842801,0,0
83,85,72.08263025662376,30.644861482055422,1,1
56,76,49.829777558077275,9.386170238509566,0,0
37,20,38.2272249937632,29.298103802904766,1,0
92,14,76.77664245337009,6.193725926679532,0,1
94,38,9.723293908506328,14.975114842221,0,1
43,88,40.01729558898148,47.90732142655762,0,0
35,71,50.63139481309382,3.3050612708153277,0,0
28,31,26.81236111183778,4.429650782422978,0,0
88,24,89.21521939752792,3.2660504072628735,0,1
53,19,88.35757189053092,21.184349064680188,0,0
80,20,10.175377449696377,43.59842356500808,0,1
12,54,16.87454510367438,10.216851084727958,0,0
45,24,14.414407181482906,37.17612158852506,1,0
22,40,86.93527019640604,8.10340736244019,0,0
46,30,15.263106478311466,44.62941998413339,0,0
15,87,26.030695333978787,32.420343991142936,0,0
11,56,14.364233843251416,31.923070666116253,1,0
85,20,64.13738657655792,20.65949229327873,1,1
94,70,53.416706409438994,34.10541157798074,0,1
88,57,40.93192296791531,17.953739326944355,1,1
74,27,70.30115835303886,8.756793128772257,1,1
65,29,60.7120917176864,33.53144155083251,1,0
87,31,74.66192059055922,49.90690384978471,0,1
81,35,16.742245075701746,38.27973785115598,0,1
35,73,74.10728142390656,46.3696691336594,1,0
57,19,8.174004811350034,16.013834576706913,1,1
59,17,26.264452775212856,10.751016189100767,1,0
36,83,46.55811911461329,0.3845099049474091,0,0
53,20,74.27451887983364,18.34171061253947,1,0
85,52,80.56734408573664,27.739573867270035,0,1
18,33,95.08117220149926,25.41180526220675,0,0
42,60,51.79366014015664,13.66571446304024,0,0
96,51,71.14706343965334,9.95683906972993,0,1
58,50,99.04045025608964,37.1268782108498,1,0
29,33,58.21115517309228,11.14552773458126,0,0
19,17,14.287849673159135,41.636036182253584,1,0
90,36,92.73215248033596,10.011080940722232,1,1
26,15,52.69673983401017,16.120651823254438,1,0
50,84,58.69860630979812,17.75507543391902,0,0
85,15,58.85234545148192,23.17523042678536,0,1
15,45,24.130147478362066,44.24702789171995,1,0
90,19,45.995043833244914,31.550992593896552,1,1
41,27,71.47235945451503,40.59108737927313,0,0
85,74,40.73126468998039,44.836281376691915,0,1
62,31,69.45983045976561,43.93151776522021,1,0
90,33,81.6054021739772,41.163713892135206,0,1
79,47,82.00933233621504,24.259099228342137,1,1
56,54,39.64014238640997,26.856686661518967,0,0
52,29,15.4214388771509,12.168787014963069,1,0
80,51,1.631360638865715,21.061649685598972,1,1
12,25,79.67159189757892,47.86593754846725,1,0
87,44,66.1239917242773,46.40420616404002,0,1
87,51,62.19263544062574,23.38450238260373,1,1
51,43,39.11407192931094,24.377297625682004,1,0
74,19,85.5808649429551,6.244742203255596,1,1
38,70,54.630070540084326,28.59295227362758,1,0
48,77,76.71713176128311,30.654565432504924,0,0
85,48,75.9610340530011,4.6530939780786245,1,1
65,61,3.052532270300236,22.218205597518715,0,1
47,77,54.22645882512582,18.925506982538444,1,0
98,67,43.373599011583806,1.2239188441993605,0,1
44,26,59.36279120008404,27.976093633326652,1,0
96,34,66.66143036858486,27.64128330018471,0,1
57,82,87.71806973731475,3.282630699036095,0,0
28,28,13.691267618215608,30.56182868198049,1,0
70,38,46.55106512297659,38.828838005600666,1,0
83,29,39.47670752209773,10.15892134939196,0,1
13,19,87.06956941600829,19.180324704066205,0,0
28,67,88.14814349462331,26.405707821512333,1,0
67,50,38.65189995262505,12.68187564537032,1,0
47,62,47.32233705442224,18.205384843053487,0,0
39,59,21.88207744949456,43.545219362615384,1,0
98,45,51.59790570014923,10.365440262902482,1,1
15,65,63.77311403335692,7.62674618258056,1,0
60,28,78.71876375691441,26.96420397947413,0,0
90,83,95.89671612753202,42.11918759883838,1,1
26,16,72.75931128407517,35.27978088569304,1,0
38,64,23.598198687596742,40.61572370841582,1,0
55,59,95.66518402298472,0.715586301926456,1,0
23,65,28.91797704188887,4.252977358563208,1,0
54,81,19.238548774486503,4.1777244660853174,1,0
93,14,60.62808702080091,41.27307975896653,1,1
35,60,79.92534051648414,43.51175672108109,0,0
44,27,11.41391038003819,27.540848390031204,1,0
40,26,20.96807723814229,34.05635455637685,0,0
99,64,98.97201928687045,40.7234511207729,1,1
62,66,21.910643662812575,49.900463344425766,1,0
91,76,60.041366693250154,40.74692053318109,1,1
89,26,98.4033384524356,21.017840018183385,0,1
64,34,4.0172372492658095,39.02369022484823,0,1
32,48,31.674420186679324,24.85561436321802,1,0
65,12,42.71998150138348,11.938500417798842,1,0
53,33,26.217251685157013,5.994991790055004,0,0
81,72,27.161035222419738,30.830600379008853,0,1
67,32,82.19901680960903,18.8051632325983,0,0
19,23,7.834512951941265,16.476873717283812,1,1
50,66,63.79570605201594,46.3176755244345,0,0
82,82,43.1363104660268,43.21405511553661,1,1
67,27,16.990617521146106,28.173693995022308,0,0
25,16,58.491989219695206,44.378385435386775,1,0
19,62,92.44291993775056,5.81530051643852,0,0
71,76,92.71854163413572,6.029610383896049,0,1
41,50,13.260463658778903,26.189854914645004,1,0
98,37,69.59030598464471,21.655201164769494,0,1
38,15,46.82261005290441,33.00157125319769,0,0
21,64,34.77550426082169,44.42091047754459,1,0
75,47,43.86341349838256,32.12285552314778,0,1
17,88,9.41488981657187,16.901401075156407,0,1
22,43,21.424857803551106,17.378068031811388,0,0
87,52,84.82736189207165,10.864453762392868,0,1
84,34,84.39617995223762,46.98061011271287,0,1
52,46,39.017671356176265,10.93346892810777,1,0
81,77,32.516634163419916,20.020337310320897,0,1
71,10,74.65435940852176,45.27390728732483,1,1
50,75,89.75812787197529,13.006897904456666,0,0
45,43,17.205237461850313,13.557044537575251,1,0
10,28,95.41544286044139,34.07659513469354,1,0
35,65,11.621644360256505,12.139351706329343,1,0
18,82,86.2396842154493,6.349482868843837,0,0
71,29,26.13475236371098,10.83902411493406,0,1
37,49,73.89190330643453,1.512020701478763,1,0
48,67,7.6999026179569805,9.607886678420929,1,1
24,49,68.0640893567721,16.876239162356896,1,0
78,61,88.35791727953136,34.16361780517681,0,1
31,86,60.2762758231785,49.179765172365805,1,0
91,68,26.362031296556076,23.489202798602292,0,1
14,89,32.172579056999076,1.2289284744238773,0,0
56,78,97.92310421303976,23.843307345530192,0,0
22,25,54.264450139422365,41.90818803767621,0,0
49,77,11.101694748597358,33.23462035141046,0,0
14,82,38.53964894177024,15.054495956553147,1,0
57,11,44.083364332100835,25.10637062070295,1,0
41,34,37.86323389357967,43.29421988609062,0,0
45,26,20.57511306669141,31.90949533383137,0,0
95,57,55.02834119359509,33.55518716906258,1,1
22,11,38.45898295051712,2.2770531636851303,1,0
74,24,31.744489220285498,2.84098939032589,1,1
57,86,97.52433593092397,25.789134828311152,1,0
32,83,48.15564090777849,9.388140807276482,1,0
28,57,74.98132301910015,23.735534232092316,1,0
68,76,81.30591720839685,26.31347215309486,0,0
97,51,3.1405430043972435,28.76075041636291,1,1
54,32,46.531377041389206,37.05278146898408,0,0
82,80,1.936167615873401,8.734280925248184,1,1
18,76,83.02769302004837,25.638852226810503,0,0
42,40,59.85519990217686,45.15692397657763,1,0
40,51,84.55494931306113,39.81862258086883,1,0
86,44,20.653890300549484,18.250720803354177,1,1
94,51,69.16755036848703,31.028906689667025,1,1
61,76,75.69777228081486,46.15631681308411,0,0
77,10,6.1665140338692,43.15099911684416,0,1
29,72,98.47504939615845,20.25029689887779,1,0
42,83,23.130566111987136,48.23695471085789,1,0
12,29,78.99510900856839,25.518825992603542,0,0
50,41,28.583373689438723,13.76539331765068,0,0
68,88,90.08326112045373,26.580270698384396,0,0
71,54,47.54400594724264,10.032024835571779,0,1
15,68,71.59920679251513,43.84432995145357,0,0
78,25,91.39589409927787,0.995459913197909,0,1
70,63,56.53981854787985,22.092191550062118,0,0
92,84,95.55509831393019,2.2718346322831464,1,1
28,63,90.65446772408761,41.38248764339274,1,0
47,65,22.201880104666085,35.47555774900521,0,0
42,62,62.53689571133367,22.10933706376448,1,0
46,53,61.13953855730194,37.01747795419694,0,0
75,47,69.9713109334432,22.66937235510014,1,1
30,22,22.669530129373975,0.7303510564670389,0,0
17,28,2.0060893828665582,33.83559597957536,1,1
98,71,89.13588598300878,28.423058428282722,0,1
62,14,34.36557051658507,7.929113615217352,1,0
47,67,72.67820768195969,9.966969559448241,1,0
30,35,12.366042799046282,26.72406467258133,1,0
70,50,27.493809410580432,42.81320677655868,0,0
90,74,89.32633845280196,14.087262677563466,1,1
41,38,88.87081804835077,31.86614056432935,1,0
25,21,63.71110699507842,47.714097725920425,1,0
20,65,63.20457080328098,40.120147864985206,0,0
97,42,91.20483174634354,17.56915279523628,1,1
37,50,82.2075792798405,12.886901862999384,0,0
77,32,3.883967347039702,24.74147766747416,1,1
69,80,83.03368260876951,45.343148105721724,1,0
17,49,41.58779685256297,42.71263588587159,0,0
10,82,4.295051400893103,40.518573956245596,0,1
74,66,85.80267245254646,24.449037380045997,1,1
66,44,67.7382954143904,7.965551860972379,0,0
37,45,6.193414365030985,12.03020031054794,1,1
30,24,20.929722970795616,44.16417955894622,1,0
18,40,2.721609927574624,7.0269718887535815,0,1
15,40,87.46008470257453,40.987684874213606,0,0
39,28,71.39470798088136,19.38530548451911,1,0
91,83,84.21088124749403,27.34154222987651,1,1
71,72,51.329870129342304,5.965548989823838,1,1
80,60,52.0825286979766,14.49886903378533,0,1
34,80,93.96459805988195,34.12930318660697,0,0
28,66,91.86186442302076,22.109148046574887,0,0
69,72,21.51968612606485,20.79986949147996,1,0
53,56,39.53977039965143,22.155205331444293,0,0
71,30,73.97048665169898,37.587287899788926,1,1
95,16,98.92938810633495,18.781313140460615,0,1
25,31,88.14452832048613,37.02467444544023,1,0
52,49,98.99109982206727,9.133888858071696,0,0
20,11,24.7946844068212,24.564444829199765,0,0
28,64,41.538305839726824,13.122193919953551,0,0
90,23,39.791339349808695,30.520315091536375,0,1
81,74,33.584134527167585,45.607467669393266,0,1
35,80,10.179044138756522,27.47083747487601,0,0
90,27,80.90714906236349,31.201733844913555,1,1
80,14,92.1301054738051,44.050761119586305,1,1
95,48,24.7059081885143,41.75658928021679,0,1
75,20,28.76879720262755,18.496941463377738,1,1
76,10,93.30409939804946,1.568677348084231,0,1
73,86,20.093830029165698,42.54919823477769,1,1
33,71,50.65565707130988,35.219999479367274,0,0
13,18,28.57384820941409,2.776173982898714,1,0
28,23,22.790345313104822,31.196532938628554,1,0
99,11,98.89927857171618,39.846827870743354,1,1
65,53,17.55318622341681,33.228523257430126,0,0
63,85,14.25031335668793,6.689365181961978,0,0
73,66,82.02764807381595,38.171143069599154,0,1
28,61,37.137654989474434,12.507410541944761,0,0
97,64,96.7069773388924,18.72693470051683,0,1
45,37,81.20233414726336,22.811256113125786,0,0
41,14,57.397750727248976,20.50336309102549,1,0
92,55,81.51367072445868,33.746369674748635,1,1
23,71,80.39243548267198,35.9902836730552,0,0
27,25,62.213281715908806,40.16987423629483,1,0
28,71,78.92293477109786,19.933419820955972,0,0
42,45,38.03251846250452,25.637759704213472,0,0
27,76,91.31212164088026,37.87152493226072,0,0
31,47,18.598221507984192,7.087001193818098,1,0
11,58,4.078798606424607,12.084241242850872,0,1
53,21,74.34240242864901,6.406384428938653,0,0
11,52,79.49293926227386,45.69224978363177,1,0
96,58,91.04601866531462,40.987991681811394,1,1
42,39,83.19250545064155,43.21219032566356,1,0
70,46,55.89595257902418,43.305402553622265,1,0
46,35,97.92746923009588,37.33107960103103,0,0
72,58,64.78976022972395,3.8170322240203496,1,1
83,71,61.68521432723671,35.08460178116835,0,1
15,71,81.53416394916971,16.876988029796028,1,0
16,55,95.9045288205473,41.26302691841921,1,0
38,61,50.04543316371013,47.12974049868741,1,0
14,18,48.50647735090736,1.203950716051295,1,0
13,56,13.521755773814977,36.70916599659424,0,0
86,46,62.176961714836786,29.33514486809358,0,1
65,17,1.259688775946672,10.510463019772924,1,1
79,82,56.50523982914163,29.685608175623337,0,1
21,42,48.56793597251596,23.37749531681953,1,0
34,78,61.83351155192749,18.315640671350906,0,0
79,56,33.141494737456796,25.61229657027374,0,1
65,12,44.172551317727304,46.77097405886893,1,0
71,81,73.96146857311092,26.472694551448487,1,1
42,48,58.873460685470626,2.605305058381418,1,0
96,18,57.36269337882732,38.23719483068289,1,1
39,57,24.049214961395066,24.644701921986215,0,0
56,76,43.16326099880686,14.42630892428684,0,0
28,88,10.46976804342183,36.97968306234464,0,0
74,65,91.34192842004991,14.534128804682524,1,1
17,52,52.5979616291361,16.204912527409125,0,0
30,47,82.76350728442506,15.034526009077107,0,0
89,84,97.08403872736103,33.30638933574395,0,1
96,22,67.9989378331861,6.339885905923906,1,1
38,62,53.84642112159495,14.40526318210578,1,0
20,86,77.68974793707258,14.289585600874139,1,0
88,21,69.73077466554054,11.074944875283519,0,1
56,75,93.63286161022056,6.450070634037443,0,0
34,49,47.74701633767582,12.769518626765208,0,0
81,86,21.648788469938285,9.158431393723848,0,1
46,21,14.115909072925081,34.10044930941268,1,0
82,59,39.68501576372126,9.4539906389722,1,1
84,72,2.221521675379437,20.065312973633276,0,1
63,36,61.47296616009348,10.26140057158958,0,0
90,66,99.61660648120399,25.948797295621983,0,1
82,23,88.66644092529468,14.573093322122716,1,1
97,58,33.27684537583309,25.658847252875518,1,1
16,26,86.3851200692033,45.87384938670167,1,0
91,10,97.74250297736225,46.07091728375345,1,1
63,28,40.55641850524578,40.32338907308182,1,0
58,50,63.72197142193727,23.152969238825467,1,0
37,84,71.16426267610258,28.791993821179258,1,0
19,48,83.03683906357719,2.2440445112713863,0,0
89,64,66.04372272210911,3.8545844440785784,1,1
34,68,75.29735641788564,21.76838062196422,1,0
84,58,96.77538929175634,1.0654947025795367,1,1
67,20,81.02020501570695,33.9569429074082,0,0
53,40,47.87716689168735,7.366126672370529,0,0
22,17,41.70603568543458,13.928507470383767,1,0
97,48,24.2741833440558,16.501349592005244,0,1
72,84,79.4545907413229,49.05936889957211,1,1
31,58,21.390680425743238,22.47476496031826,1,0
96,28,83.89035532568397,15.38180312794835,0,1
32,36,85.70689053880282,5.232245732158494,0,0
36,11,63.0235940652556,48.806066035222415,1,0
83,32,60.67488620910829,39.468631275207564,1,1
11,60,92.02924941981739,27.885181847680098,1,0
79,81,86.48997768536083,10.057976743545337,1,1
29,75,35.85515702968352,21.709299420460894,0,0
51,10,70.86521549157641,24.360217103372978,0,0
53,21,53.18076835955524,7.6953012194853585,1,0
42,55,82.64981769410075,22.804856904611512,0,0
89,34,5.1881330377931025,32.908794151872684,1,1
97,24,66.8044266936436,5.010484573262544,0,1
73,37,83.71379484645098,20.31420951824202,0,1
54,15,52.49226553947733,34.373377339473834,0,0
32,38,51.71262656821075,4.177894121150157,1,0
99,41,9.038426244218211,45.16791996306303,0,1
99,45,64.03603850910258,28.818509722018625,0,1
22,42,3.515730577218539,23.26819023665317,0,1
19,34,98.7898145205622,30.26955364295084,1,0
80,86,89.67685340314611,14.687607402856933,0,1
61,17,26.46545893910342,29.227731911738307,1,0
25,48,85.42048638976047,17.398202766428188,0,0
67,86,34.06929153743092,7.981267998103362,0,0
97,78,21.259093714220704,44.33826355268732,1,1
78,33,95.23127652422778,48.43807548909584,1,1
24,59,70.8824116718986,0.8706221926729172,0,0
48,84,8.317079487000392,40.57439029752112,1,1
42,56,50.08721498342443,27.44726874024032,1,0
35,34,14.109953431112018,40.50224020032529,0,0
82,39,43.780184392143404,30.294853047894463,1,1
20,30,49.28748283770356,40.757959303540375,1,0
41,12,7.167588714956111,49.73741871651571,0,1
17,17,67.88777726957649,29.104331801272544,1,0
90,41,16.046940092845574,35.41959427851093,0,1
40,34,3.920258596182947,9.165475619579041,0,1
56,88,23.003630182123853,6.694120612837915,1,0
53,53,91.02879546970365,11.641452355712543,1,0
70,77,38.11632969570414,42.27630139530542,1,0
72,62,81.22775315483803,44.677396477087655,0,1
80,31,25.240562671188695,42.08556647254846,0,1
42,47,29.47590894834427,28.460785440857062,0,0
81,87,31.00912752015374,34.285585870173755,0,1
30,32,18.361904826572527,41.7505493688573,1,0
20,63,86.35038934167747,39.15161550732728,0,0
87,33,92.80914319233398,20.447907820311322,0,1
11,57,23.382418807051216,4.341374913027427,1,0
34,48,82.84170441110606,40.35068595322253,1,0
85,66,50.79973537133592,16.66531584215059,0,1
54,76,18.931080244516377,47.5812868829738,0,0
53,35,80.94388404176172,30.909099291647603,1,0
32,20,23.04124685852843,16.746783253313474,0,0
41,55,38.17515288904189,5.5139148605485975,1,0
57,55,25.73317665012886,29.46578687676155,0,0
85,83,34.77585855552378,21.340859881631875,0,1
14,28,70.10778056855912,1.1863398057735752,0,0
84,46,66.47918612562188,40.70131102809208,1,1
88,17,97.27000566124545,24.80971525623823,1,1
12,48,22.210672046233665,38.898016850907084,1,0
12,67,85.7476880590661,25.132114304055996,0,0
67,80,77.19436409797093,43.08581638758486,1,0
81,67,6.723154049321977,27.19685762910098,1,1
88,31,9.909872629608369,1.11774284573878,1,1
31,86,20.961409740912043,25.134974853177404,0,0
54,14,50.37155886124168,4.499164022025007,1,0
62,41,66.27918963711708,45.990361075764476,0,0
75,59,6.350303396293569,25.32679041678739,1,1
21,34,2.664734273549427,28.683063025228154,1,1
70,46,77.12966969181554,7.949692751152305,0,0
60,28,27.504185345508894,15.85351848484511,0,0
82,28,51.488590859155124,13.206501748420218,0,1
25,10,32.14853265277857,42.73843480583571,1,0
67,55,49.0640199374455,42.02301842651915,0,0
91,60,65.69958651816684,16.39731824971176,1,1
68,20,63.86669631437141,47.35894844415013,1,0
67,22,28.986230540097456,33.28982339435272,0,0
33,10,60.5859523486831,30.794269783867033,0,0
73,86,95.35284916878885,40.072436889590996,1,1
98,68,11.080098008565084,28.320108034011593,0,1
14,77,43.31568067166877,11.221880135761745,1,0
99,18,96.16995762449312,19.461457322981186,1,1
12,81,62.280714356211654,49.704113954606754,0,0
77,39,9.249458533425532,18.605766036927392,0,1
96,36,88.44562541844402,2.3597297761348153,0,1
79,80,86.78549699885176,45.67857268956653,1,1
16,83,60.01592141795382,24.652338433492044,1,0
62,57,44.356758118851126,30.918093955793033,1,0
97,78,25.46780591588396,16.326913701635796,1,1
62,27,79.67501371649101,26.689194297088793,0,0
22,60,17.250399625725194,20.583928518930207,0,0
99,15,13.248729059325164,19.804354712430282,1,1
33,88,28.29732443880095,20.225993960334055,0,0
18,17,56.8576340736674,34.246140231651204,1,0
59,22,49.91110372878937,11.023608051094284,0,0
50,83,67.55287911762763,13.17953346921842,1,0
36,55,45.414488770723864,36.999172872339855,1,0
33,79,80.008952271212,39.42973861752392,0,0
51,18,57.3032356851858,36.06059939538547,0,0
52,47,79.09257420055316,14.412957421761798,1,0
67,19,1.9497532350913598,40.114273308374116,0,1
46,84,45.458047994666764,14.506175555284061,1,0
68,60,25.17954631304664,7.400626316411006,1,0
57,18,24.843463864319855,20.052279927971817,0,0
74,76,78.23613177608732,25.115944646305536,1,1
94,54,69.9328638107422,27.94554664257381,0,1
95,76,98.35872560965038,39.221908443211106,0,1
53,64,55.41591083536776,0.4068585715725437,0,0
10,77,53.22416147642551,4.116239811556524,1,0
65,87,29.764807608665983,32.10132753187496,1,0
19,27,69.55647511109933,1.8814173352300898,0,0
33,55,28.857506725135515,49.74094666230713,1,0
95,84,57.6978452503723,24.485439984584016,0,1
18,51,20.965020224695525,19.799453335899823,1,0
22,29,11.662311214467945,13.160230240327229,0,0
20,65,21.23217310952083,24.27732345223327,1,0
43,40,51.341503298232695,22.367733585660815,1,0
44,88,97.32359135642051,48.07112405782577,1,0
57,73,19.425948248891608,25.013112308660123,1,0
28,63,29.664444129536722,34.57442933198002,0,0
64,80,60.904163048320555,10.270465533177871,1,0
75,41,38.22809957187314,44.95375394062994,1,1
70,30,44.431937987299335,2.548709275432941,1,0
77,26,72.85207399395445,17.477699025202266,0,1
75,62,42.557766393015086,18.484454034490284,0,1
13,27,75.00781909365665,30.0380795039579,1,0
19,36,23.022555509036792,8.447773885498549,0,0
43,41,49.08140874574304,46.55646592028513,0,0
70,21,48.13380921440789,39.51994335015173,1,0
94,67,63.206472537402306,40.17664715489172,0,1
28,86,43.25492240675431,43.57942328600244,0,0
72,19,91.87533596246,47.6325469604598,1,1
73,36,14.428965604470848,37.53874289036941,1,1
71,58,41.8920907307616,25.664455327866797,0,1
77,89,56.48298999420004,15.741060687996933,1,1
49,38,22.484012150246855,28.742754095820775,1,0
73,42,90.41540795994118,45.627695660555474,1,1
28,53,11.245663155544197,23.05383312383231,0,0
32,10,47.70117517220312,1.583087995702427,1,0
63,66,73.1989084625666,27.199865964241884,1,0
35,69,84.28325155541738,47.935214717084754,1,0
31,67,69.17117150412018,0.4722563943811028,0,0
58,58,26.964333052582123,2.583483723761507,1,0
95,39,82.42506076765473,37.09656026262819,1,1
92,38,32.262532684541554,34.84349545651619,1,1
87,78,17.584393993513807,11.659002874777544,1,1
92,81,95.65930573273916,44.308355756625346,1,1
51,87,73.56561858694224,41.70744171773596,0,0
62,52,54.3511488524595,13.497232974128424,0,0
63,54,13.38212468173615,32.876955276048136,0,0
54,86,69.88571933627725,12.899844471486949,0,0
26,29,96.52142017181653,48.139359467274915,1,0
13,28,95.4892442429163,41.85180219617084,1,0
46,57,2.3297589150251565,19.7135131572831,1,1
49,72,60.7314721639892,29.00760147150472,0,0
58,49,32.89377392636638,18.711894212059267,0,0
74,30,55.108339253448456,26.890424297551675,0,1
54,15,32.528771311328924,49.34473156353275,0,0
83,63,89.54890077843478,34.08179419661564,1,1
82,41,2.289998676398943,23.99599500367282,0,1
85,86,17.58295287799964,38.155402076705876,0,1
48,64,14.48614062734792,15.515336986430055,1,0
86,82,12.492078526675838,39.91742682291248,1,1
63,45,9.447440076456333,3.682148166553656,0,1
88,15,95.28311475771581,32.83603115697831,1,1
80,12,13.245143303920232,18.85389786538474,0,1
33,11,63.636573832410846,9.945518850403564,0,0
43,39,24.18342910016376,24.925121919412224,1,0
96,72,53.77803960495696,19.42150718086978,1,1
57,85,41.07695777043175,13.555599551549273,0,0
21,52,48.57793571131209,7.068061792587344,0,0
29,38,25.695099745738098,28.546182306694472,1,0
11,11,79.98750928400773,14.077476803057836,1,0
83,88,73.69641112801142,15.877385566398125,1,1
77,12,89.25111637449203,6.196493115860777,0,1
91,25,50.57231072053832,21.40787810408906,1,1
39,81,87.14927559582277,36.937662429788496,0,0
24,73,20.76392082523472,17.370651884707517,0,0
72,69,44.31193574776168,38.40205427025231,1,1
40,55,33.46275161445592,7.040141627373245,1,0
63,10,37.648581974484806,46.47752797838896,1,0
66,72,51.57981855142428,37.242837665511274,1,0
87,50,69.24835045176476,16.380672487982263,1,1
73,26,63.668489172995905,6.4749629368725445,0,1
12,27,32.66945941353363,1.9867653187946526,0,0
69,83,88.97471671760084,25.49019016733837,0,0
72,19,50.71787439285494,22.15546924891106,1,1
76,22,95.11279257504881,32.21621875498384,0,1
40,69,58.350152525398556,38.39961315612533,1,0
91,79,87.39779518390635,34.91185252178093,0,1
13,66,2.891152680289289,18.79768402711569,0,1
93,18,24.56132316628863,21.69397808665046,1,1
59,79,34.09350945680944,7.863518936449741,1,0
84,74,71.92385111909908,47.94757851027276,0,1
54,69,45.309613917305306,25.99242169239461,1,0
99,12,52.459638880715985,19.483427857312996,0,1
35,83,61.35943385368314,45.362512718048826,1,0
65,33,94.69436566892897,38.45961317927638,0,0
70,64,23.354822193364193,10.591349465023763,0,0
19,30,33.952808516678665,20.566624360122237,1,0
91,43,6.91913466285126,23.5136204814755,1,1
42,75,31.836547126060847,14.348540640642515,1,0
87,75,35.892264036809486,13.24393251346376,1,1
40,49,95.96297792617911,15.868405556301525,1,0
99,76,49.15084434135019,24.66567794475925,1,1
67,55,18.496747054441645,20.56168147396519,0,0
89,76,89.28161921674263,2.5032365411362405,0,1
63,33,83.19420515720314,40.232252898912286,1,0
74,15,63.342623670328,46.86341624803855,1,1
36,69,33.233245520066085,43.7375448421796,1,0
90,61,7.114072137012169,42.75748305706709,1,1
75,46,91.22977816058922,41.89350576126861,1,1
56,39,31.278598576393854,45.705233422085136,0,0
41,17,67.96929730909115,44.23052167403343,0,0
15,82,91.6856699309545,35.664854031554036,1,0
74,83,98.8946536473339,1.4685140129604295,1,1
80,61,13.608581582789972,13.580279275594325,1,1
22,84,87.18647517304015,24.30939752526498,0,0
36,77,53.89449047101458,1.6974892915079314,1,0
54,31,53.9541988776051,26.882045450329443,1,0
15,42,72.29603823520156,0.653260250116411,0,0
21,74,46.53021197305982,21.734611355249655,1,0
68,23,57.33555202098149,11.909249347946076,0,0
56,24,62.70853551400892,14.906726335461464,1,0
38,39,87.96885789002214,17.117765329465826,0,0
51,74,37.86818237215491,35.67768986821299,1,0
42,11,60.33907721218105,0.4289559714560425,1,0
95,40,73.1777277591147,22.54650442490555,1,1
98,62,30.183354520712737,21.6819153582572,1,1
84,21,29.056105607680273,35.74411884272977,1,1
66,14,34.04406267898839,21.013803002137003,1,0
34,41,81.6682966259085,24.988778827382184,1,0
31,45,39.30377004542494,4.177357138289016,0,0
34,67,18.10449797956876,42.568093030936545,1,0
64,40,9.36119183317023,39.45996996899311,1,1
51,73,67.78770369805959,37.32159353062758,1,0
29,81,79.1435145265792,21.050723286280842,1,0
37,14,67.46958657747035,33.1904409185073,1,0
57,53,1.6438175983016041,16.70759383385171,0,1
86,21,22.231995307837963,20.385123783364826,0,1
57,83,54.00305878699547,13.793205217080413,0,0
38,33,12.020234539306077,38.16639848454745,1,0
31,80,90.95103764778817,17.811566448050467,1,0
24,30,98.38320520400427,0.37412673669313146,1,0
55,35,46.09639935953658,48.59118891152949,1,0
24,15,49.27016986393935,18.334811154871897,1,0
37,75,72.5172071738454,19.339659917649776,1,0
90,71,23.77342155766586,42.47960839724362,0,1
30,59,62.686475915120994,43.691919792803844,1,0
76,59,12.901363700102133,13.64158915970481,0,1
75,20,4.780288763079987,24.90718036343051,1,1
43,46,31.624150881156083,48.046378155772736,0,0
94,75,22.83706050577399,26.401186624109243,0,1
16,42,94.0334449865353,27.38059173425424,1,0
19,69,33.2177326970235,27.65224582604304,0,0
67,69,41.60257017480091,48.458746853835166,0,0
22,75,10.660869578448077,31.845407584266844,1,0
97,86,14.684721943324739,14.686394637958168,1,1
11,76,70.19535997209566,21.490088171538705,0,0
64,70,11.691876952283323,11.856284349652299,1,0
57,23,13.291143531755885,6.119473241927072,0,0
88,71,83.89917663202979,42.81780997687784,0,1
90,70,70.29186371800529,45.06880508291091,0,1
92,72,79.98519104202863,7.823754487966604,1,1
65,59,4.7783365385811525,33.671966014792744,1,1
24,80,94.96986745274643,22.637749032259105,1,0
27,48,75.51279445273995,43.75172733442742,1,0
62,77,47.51829978291765,47.18044998988134,1,0
25,23,20.82295529501352,2.1514614850606635,0,0
93,37,65.67073153558947,3.916869322237282,0,1
48,85,58.344351789565614,40.69403116713077,0,0
42,17,57.623757105924156,23.75167615330233,1,0
34,64,20.97615804772173,2.5647752593433784,1,0
59,32,77.46684837026626,29.738744928840227,1,0
16,35,64.49331746832816,4.645647772305498,1,0
21,84,12.86630545898872,14.590295022895955,0,0
51,78,94.27359935568326,1.1986390029310872,1,0
20,20,98.49894690719145,26.269680327372463,0,0
90,83,62.93981612315122,35.34868031057339,1,1
38,24,85.97063354436975,40.7707081999752,1,0
29,71,6.769830353795993,30.77510335350445,1,1
53,72,54.1229006054014,40.913960975287345,0,0
74,65,38.398871329814035,1.1451680434432099,0,1
26,55,45.265546751022086,0.9030043839078403,0,0
99,21,49.181170354980814,28.302406538981376,1,1
96,59,4.957621492703077,13.793899500255762,0,1
15,52,46.32019452748951,36.59726822652899,0,0
95,83,46.39883959256463,43.985256121793704,0,1
75,83,96.22504556726804,47.60152890460425,0,1
70,54,82.99572908259722,28.145323206211003,1,0
40,43,69.41835745129312,11.076283395964136,1,0
33,85,23.982573396029387,9.278954330944998,1,0
66,42,29.2843615416783,39.10187493379482,1,0
41,12,86.02305418769173,44.96159651462314,1,0
52,80,65.857272191883,19.126962497464163,0,0
98,64,84.85814509148925,25.466177750282846,0,1
89,36,1.2314675816725442,24.744549082016626,1,1
58,21,8.414644936450905,8.787660652605947,0,1
92,61,32.63475493349976,21.766123736848208,0,1
27,75,92.54041845091947,46.65049940123445,1,0
87,13,84.53201232532732,14.033339382865387,0,1
45,88,36.13627757422236,5.056443998933939,0,0
52,41,32.11616473726845,30.01507872244645,1,0
40,28,52.08076351531675,27.501314668394368,1,0
46,71,23.31489476468784,17.328314463912225,0,0
55,26,23.1424347428308,27.957571875256274,0,0
37,48,88.41542554110104,6.036856176060327,1,0
37,60,23.103134767929767,19.525798315236713,0,0
11,80,58.87059105958654,30.073347105573774,1,0
87,35,47.69229848128906,19.795341908291267,0,1
48,84,4.740105518190232,6.726612794078492,0,1
93,64,19.07108586455619,4.625774586512103,0,1
49,81,3.0299063650067515,5.352122497148032,0,1
83,39,10.505105343654538,34.085355197198325,0,1
89,74,61.02434365404181,18.963870916720023,1,1
90,37,43.36934471500633,37.44288580343757,0,1
24,16,33.718973435319086,38.255847544083295,0,0
72,16,65.97794443122655,8.842966391916205,0,1
90,10,20.83204878922596,43.559374126349894,0,1
69,39,14.999364979248638,6.148140909228437,1,0
38,28,71.67298340558345,38.54764476765372,1,0
47,72,89.0444338449813,4.5963152958734845,0,0
40,11,63.90753473601475,33.45553858852864,0,0
50,35,78.27120050411466,34.25119385243517,1,0
85,23,26.388205079928156,8.1554119861303,1,1
40,40,56.02515949005038,42.471170758769674,0,0
22,73,84.48091235039324,38.49086648131117,1,0
10,29,65.86230350464533,28.054739858133143,0,0
48,67,88.31973054976048,0.9535865856416983,0,0
75,54,47.88569204895141,4.8018854888458105,0,1
86,31,66.12779411480848,10.323027428399294,0,1
67,15,35.917782722552026,19.062685651783596,1,0
36,46,62.43509441186461,33.72236079171489,0,0
54,84,99.30038717910179,21.898882481704586,1,0
56,86,28.897016035585494,32.98132377969386,1,0
78,38,29.199801338206576,6.294712534131277,1,1
51,25,49.710927058124014,42.10008764200786,0,0
54,21,68.05219199948935,23.64566016349057,1,0
37,29,21.54326267298788,25.85256048549315,1,0
52,59,76.74613402582189,5.770835711895788,0,0
48,36,24.401836659087962,3.276051270197304,1,0
70,18,54.80169416720707,14.040243989808815,1,0
84,49,82.97000347904009,10.939828084916325,0,1
98,39,82.72372878268028,30.41542816245802,0,1
34,70,11.444817398640826,10.77943279962253,0,0
10,38,46.486975548367866,33.67761834483537,0,0
59,11,27.002959563325657,10.393079757334366,0,0
99,22,12.441282963050456,37.43712468860989,0,1
72,35,19.402693902170313,9.454888204599794,0,1
41,32,58.65557313780927,41.540348138176064,0,0
15,59,90.28214986237622,25.590193100251167,0,0
43,14,7.85671313905013,24.8551719038386,0,1
16,63,29.864457398318795,37.61215424711409,1,0
39,58,78.58300054627027,34.98533531368438,0,0
72,18,71.03659170998503,7.029692102389269,1,1
30,59,96.14593572377106,46.54479615505452,1,0
29,50,17.457517027200044,20.621224460517805,0,0
50,69,52.72458039538881,7.487647636495168,0,0
58,10,33.22128978642239,21.4000038306948,1,0
66,55,36.94951000958382,7.439410730699396,1,0
84,76,66.04704691891168,26.153263297661287,0,1
36,21,92.59718212477289,14.646015986307384,1,0
68,46,44.92393159800241,0.1626810517165841,0,0
38,17,9.769993360841063,19.086367837888382,1,1
50,53,45.00630457820245,36.88211822722202,1,0
73,63,41.87186159484015,21.01679968752194,1,1
73,28,12.069218738912525,11.319762660426074,0,1
61,35,67.92677259398768,32.672259823662365,0,0
68,85,75.63349839911893,48.24310154228531,0,0
39,56,93.40917309206692,33.89835950559075,1,0
92,26,38.162551929409595,28.406178955901414,1,1
56,83,64.78394391051813,3.925984093950975,0,0
53,85,76.40933285723182,8.145695934109538,0,0
16,31,62.93856764719168,34.07864093322429,0,0
47,43,71.80272113119636,30.067145887373808,1,0
49,20,33.559807478084565,31.56637284377111,1,0
85,66,37.278770250037304,32.62799964674201,1,1
35,24,81.95785653399952,34.134964342493866,0,0
51,81,67.34127780502763,37.22413815658035,0,0
68,48,76.31793201881166,10.878428161823118,1,0
42,65,90.42528492244277,4.313963549089719,1,0
32,65,49.568393287559346,12.331924936027237,0,0
15,59,93.96708515662434,1.0052740456272244,1,0
53,26,95.02186394334824,38.5865887535197,0,0
49,89,1.9378008797646546,7.944950255597708,1,1
37,59,12.071635488804702,49.244855663931475,0,0
40,10,21.85352662682996,6.84510419731276,0,0
34,55,56.81353588787819,37.47514658720465,1,0
87,30,15.460336048005582,44.06906805945804,0,1
53,61,22.129771229789412,48.0654715181245,1,0
46,17,57.78140080809574,17.58705378269904,0,0
23,17,4.658290879599173,39.51051371760644,1,1
70,28,43.174554605215036,4.853422057349147,0,0
41,36,82.64524751471433,37.88325562273046,1,0
88,20,22.32295180215893,23.671566526969006,0,1
44,32,49.87889828487739,41.760514727303054,1,0
61,67,97.13382496359391,41.141758048929255,1,0
83,76,77.93013400029335,16.04962949243272,1,1
79,73,54.67896501875099,48.20137868095251,1,1
26,36,47.32067823450991,42.20393203685986,0,0
82,67,10.06825303808744,21.74217610331714,1,1
38,30,41.501891605339516,12.56662423835354,0,0
78,41,68.4803174210012,0.2101994077669716,1,1
74,23,90.43216546586312,47.46688431175846,0,1
51,77,93.2246628901056,29.37175610416034,1,0
62,85,81.6257228113004,8.97723691416338,1,0
84,75,7.6299213727108945,29.380951618502632,0,1
48,33,42.49696222173644,29.585799278552365,1,0
97,73,19.08707401116129,49.23719415463914,1,1
44,52,28.73824643031405,48.877539865969084,1,0
51,36,22.860255862426726,30.70773011688622,1,0
21,19,26.66101517483373,37.92592387910973,0,0
63,21,42.88858615194669,37.96780030692368,0,0
29,15,31.9979707019845,19.20876431319818,1,0
95,42,16.57511137971124,34.274260369807266,1,1
74,60,12.22869408351564,45.197343708821734,0,1
63,43,46.622678615732376,22.56018639443048,1,0
17,40,50.7102550554822,28.408263776896632,1,0
23,50,24.158083271333744,39.261083602730615,1,0
88,86,45.73134063627094,36.183460335974516,0,1
79,53,53.34292897322604,27.03070447718182,0,1
33,48,1.1459123359920373,21.535520768710928,0,1
67,74,85.26713260755554,37.56543980198175,0,0
47,62,53.20287609155343,22.07356197095068,1,0
27,80,46.392610330220045,3.881785913116685,1,0
83,34,39.74597051583871,43.07838090731969,0,1
54,68,40.99696518032954,31.00480043037223,0,0
36,59,61.08665949106283,3.2732899701133458,1,0
65,51,27.607539632504675,47.37522393738273,1,0
76,64,9.662590844138338,48.81902965993438,0,1
34,79,81.32799976720808,34.15816696857119,0,0
86,63,75.59895566786498,15.351626459087793,1,1
68,35,21.834315503144996,42.48868459922023,1,0
59,68,81.6776264517301,10.122387522867076,1,0
21,89,81.13594150174949,24.33358247210543,1,0
77,23,51.77577666831277,46.97474419616192,1,1
21,86,42.84822301731266,12.10210068100569,1,0
35,82,62.29842863370348,9.555593064085377,1,0
88,59,33.04321427591746,18.54897603815405,1,1
35,76,81.70185989502578,45.98288768939236,1,0
11,10,28.545415992350616,17.573264349271522,0,0
52,23,43.7677178708499,21.613631678839095,0,0
76,34,72.701614356016,25.980201087869755,1,1
70,38,6.506012543552896,49.04152792829451,0,1
24,34,25.441164082202178,3.7715916221588555,1,0
86,29,77.4516743967677,48.31287300771558,0,1
38,70,88.1202959147791,39.41599133610698,1,0
31,62,74.459204723579,20.901718530659753,1,0
76,17,91.77543660454675,15.191758032027701,0,1
75,87,20.431915085484135,33.914003423050346,1,1
54,38,35.75713644922682,5.066854961493026,0,0
28,76,31.80842909244537,18.907025763089113,0,0
72,67,75.49827233797778,5.7611412404240925,1,1
31,13,91.8553998502034,40.44376531611713,1,0
51,23,67.53393254566178,12.094364065321583,0,0
54,70,69.96374435370682,43.93607590860809,0,0
28,69,92.67330883314288,10.506194938418265,1,0
43,53,94.21003324721296,21.401556610711648,1,0
89,30,73.55787182468909,37.05593560400514,1,1
85,13,65.20292223897728,49.20614130093177,0,1
21,55,77.35191638808978,38.46482379315314,0,0
59,82,51.31076008992792,4.974037005815254,0,0
96,64,48.48889074791062,13.421261002872443,0,1
77,21,27.50754367563699,39.95513710721144,0,1
74,57,98.52541203741879,5.090547633183365,1,1
27,18,79.84834932951269,12.720322645889384,0,0
93,11,66.69622420414747,29.689307147631926,1,1
23,16,4.789758025282614,25.751423570495295,1,1
96,55,81.84894359522285,6.170517926035358,1,1
79,74,35.73945925382604,14.917426442555561,1,1
52,47,83.7894459544049,27.725415645915266,1,0
58,50,37.40767559403386,38.34564249763344,1,0
34,80,27.871147514534442,42.79851374433576,1,0
99,81,91.76585668135114,43.22006945501116,0,1
48,65,37.54473287843769,48.227338401039425,1,0
30,10,64.60508543185782,49.10553781963773,0,0
24,61,50.58606466282046,38.928309507461854,1,0
59,77,47.692663124133276,32.823198217900845,0,0
26,11,33.83738370043999,47.084786340946806,0,0
43,33,23.31315730619751,22.595356074988878,0,0
80,49,12.900816078038977,5.755341509878835,0,1
98,54,95.52284492882133,46.825399683543026,0,1
13,12,90.8199440888812,44.933973578939984,0,0
66,85,26.224204809434514,38.51270141571246,1,0
66,18,23.465997331007213,14.407374651976022,1,0
76,88,53.46224557568597,23.081897594798036,0,1
76,36,69.64531633533196,6.693479385767797,0,1
97,14,19.00974286914643,32.5325552273749,1,1
17,27,80.0851972680725,24.83511117383506,0,0
62,73,29.352598497183006,26.687913028254005,0,0
78,41,1.3197241028994984,26.361877870684065,1,1
99,26,34.360002650628566,4.856236599502686,0,1
45,68,18.001018562167776,33.618207680822934,1,0
44,75,66.08543725594737,40.51684329240647,1,0
72,76,3.560328411942956,19.265621005092004,1,1
60,49,58.165622683521995,28.990099364061038,1,0
13,11,49.62086916695513,39.75037518642923,0,0
10,58,9.09869596898873,16.95460237338118,1,1
33,21,48.79019505781311,10.592796485734901,1,0
12,48,87.7921447920629,10.650528130310235,1,0
39,61,68.47217084433021,0.25518588231288436,0,0
93,61,34.72197968692319,11.753589209709723,0,1
43,60,6.089459302019723,33.27085498200795,0,1
10,51,29.609765776426084,16.750302686980135,0,0
41,67,29.126863305674853,1.3305575175432633,1,0
61,84,38.97698462561311,17.211003243738478,0,0
29,66,67.0673615890567,45.08090021329066,1,0
52,28,47.76315732657294,5.4728449190271595,1,0
34,48,71.51662890224918,11.714674498058082,0,0
30,72,68.84553019579242,4.889711334481266,0,0
85,54,59.29866515890108,0.1521518586591281,0,1
47,88,49.97836200905752,13.019818861123904,1,0
73,58,74.7746915269772,31.2098246268331,0,1
45,50,88.42647370639436,24.77037803692974,0,0
82,20,34.17937004911456,11.943598127675623,0,1
33,70,3.945846935627134,6.712836621353343,1,1
24,23,23.694653636927125,44.362488980794524,1,0
35,76,25.62949719130593,2.831392193111822,1,0
28,20,62.35442972133487,10.956829418320014,0,0
64,28,31.87698730177915,42.02905982515648,0,0
78,33,38.23720179274456,45.715573729961335,0,1
55,53,1.3120656239676247,41.74848531873586,1,1
69,16,58.30090810674394,32.03493888685764,1,0
51,65,41.23968028476981,10.278721436404394,1,0
38,76,79.2332427949133,27.173074380558983,0,0
33,64,10.19911674742738,32.452077008646306,1,0
63,43,19.261981509311894,21.960844229899077,1,0
30,41,74.82313605093296,14.852691276713147,1,0
89,45,47.65244346722616,13.558770523544224,1,1
42,57,71.28615832959845,14.331668806017722,0,0
46,73,5.68279372026972,34.333663751327954,1,1
73,25,38.5493978346799,32.04396723102841,1,1
61,68,32.87594715783082,36.70211111471935,1,0
12,36,85.27090451174584,2.2579577622103617,1,0
38,65,55.798884785400446,44.8007771836575,0,0
12,62,63.63321837606984,1.6471906355075245,1,0
20,86,48.6268298529129,44.85430844336309,1,0
57,36,74.26219488657358,2.4988080198510336,1,0
56,59,87.71421914077371,31.150647291762336,1,0
16,49,93.05143959429067,18.856934534354075,0,0
54,53,49.41750872933356,41.64585266164456,1,0
79,13,97.84966645753575,8.911306092222803,1,1
16,59,66.5965949104489,37.042111527982456,1,0
15,73,36.81858778213747,41.665716213541884,1,0
69,71,37.75675868205338,18.193088130013876,0,0
39,18,80.5856781727329,23.99024208755778,1,0
70,44,60.649195958630976,11.147873304588519,0,0
14,44,5.684804069692372,3.861436123940965,1,1
54,84,67.41763833254703,35.32695253245108,0,0
57,38,75.06973142179622,5.327803479497899,0,0
27,75,5.979071981472514,42.42135556186066,1,1
81,81,59.49028780204791,46.49934846976439,1,1
47,26,68.70755046181188,31.228543628060645,0,0
15,41,42.63669043073328,18.082889758664827,1,0
56,62,46.66033906771864,26.32441923927505,1,0
20,84,8.278274665219296,8.013872788514147,0,1
69,69,46.36687349991842,20.36048193032059,0,0
77,63,18.80296007363453,39.61559438985439,1,1
43,14,96.9035012437025,25.823781070310012,1,0
99,21,33.596361716497256,8.558448227195152,0,1
27,70,83.73081530841161,19.08381409541277,1,0
24,84,88.5282240686058,13.885161675048264,0,0
98,59,3.1082133801684764,15.831925977144325,0,1
21,31,9.194060245844044,40.40248507386299,0,1
23,22,85.8175760096354,41.481065146522795,1,0
12,73,66.59919739508881,26.496380355884465,0,0
90,67,79.11255207320875,49.93830674085842,1,1
77,16,39.13283217606841,46.22643104157167,1,1
85,45,93.0881999770781,48.32137048231192,1,1
99,55,65.38166451157726,17.527374913553583,0,1
57,52,53.65553327272173,17.596259200225052,1,0
77,49,71.33848255210859,15.071717531141486,1,1
73,39,65.59744113605107,12.866100434625071,0,1
95,85,49.79098507515625,36.45553503841604,1,1
32,13,91.63140884532923,27.96148670289341,1,0
84,31,46.62313584710795,13.000792604852004,0,1
60,13,82.95089788881002,40.058071672718825,1,0
42,88,32.227594140794906,0.4188139621676401,0,0
96,48,94.02729533234637,42.83423446409396,1,1
37,37,39.69660129688985,47.873203236502256,1,0
92,61,48.93079865707011,3.885066872473833,1,1
89,30,31.085701022782416,23.329784372903216,0,1
78,72,71.31631268693435,24.683944387664713,0,1
15,89,75.8667248575975,42.40496363525793,1,0
89,68,9.082655601111048,3.8138825602496973,1,1
45,51,44.257921260253084,2.6949706663769106,1,0
70,58,11.735235585081105,29.398833588504658,0,0
13,46,54.68153899651795,33.40193857424381,1,0
32,38,73.77798400929125,6.391737467201216,1,0
97,33,95.85318626202032,42.9804072636278,0,1
37,27,14.46871336885432,39.36693719301658,0,0
93,50,95.51398883559136,38.34737610455888,0,1
67,66,32.559842170784776,26.83924568948551,0,0
75,72,26.740557780715598,42.33223062728477,0,1
86,72,34.70079969456052,45.96234947515514,0,1
59,10,91.56905443878797,27.021397547219614,0,0
58,27,22.601121725719725,43.72934852602026,0,0
65,67,88.77629436911039,4.309700581127543,0,0
70,88,74.75710756891817,1.8717948754223366,0,0
76,62,97.09046156616668,43.735532493786664,0,1
47,24,76.15088082747647,36.649833543327226,1,0
95,52,55.511188079844715,8.155928761224224,1,1
62,67,68.27182294439562,4.596190592884615,0,0
51,84,44.70189627649457,21.864169596312554,0,0
93,31,40.22657266076575,31.698797617003375,1,1
49,37,26.54961185602726,37.56424755385672,0,0
23,50,55.1842417421081,31.069463135380182,0,0
66,51,97.04168251132646,18.678418026078695,0,0
95,10,97.41298918311342,22.634459255505934,0,1
47,40,1.2607706212782777,26.842167335165268,1,1
20,84,48.11988199695771,22.44536238994011,1,0
25,76,56.3015903880277,4.997847806216924,0,0
24,10,82.21383869168177,33.63527231477484,0,0
68,39,11.454198988910615,43.561632501152104,1,0
66,24,30.318558177231516,34.437816343972074,1,0
33,76,36.71001487087116,44.48223738773909,0,0
33,25,1.1861915869858615,10.081361257171077,0,1
43,30,21.667234703563295,39.99805184478231,0,0
37,30,69.91499694350544,29.188013066480007,1,0
76,62,5.206047884394995,34.11057427750395,1,1
71,36,80.55224885107363,23.85463305092002,1,1
84,61,76.73276019588049,20.318025173735077,1,1
98,64,1.6496164153737514,4.582350035116085,0,1
46,64,80.70393767568022,14.551637756634744,1,0
79,61,33.80024801150292,32.362363702832404,1,1
34,79,63.34411271164119,21.70298849367886,0,0
35,71,46.704992546969386,16.73913528233256,0,0
12,57,20.243043293079268,29.094763115285442,1,0
38,10,60.49039276507631,21.33552622449203,1,0
58,77,89.4558669580549,45.18819668575683,0,0
54,62,40.75582192578581,42.40489119634901,1,0
52,40,90.24906968986386,0.17231950916986855,0,0
63,82,24.72428010781191,4.988034219972947,0,0
87,70,29.70958841009664,12.303167480838312,0,1
96,25,50.07823712676239,0.29351352374895956,0,1
56,15,98.55430136333293,38.857639812340715,0,0
39,69,68.42971090354617,16.694737874061964,1,0
98,39,31.662182578358735,46.14101356310396,1,1
54,37,68.63022150343447,17.384479869860172,0,0
66,53,6.411945867073277,49.122613238234074,0,1
93,19,58.737260735664826,33.656171977147594,0,1
32,22,87.83221566493984,40.027373408176,0,0
20,53,24.80161228959475,35.554500875546196,0,0
49,15,41.60114722595574,28.986642133499377,1,0
14,54,69.02164950491033,36.453825108324246,0,0
42,47,18.715898497468466,46.83435953299292,0,0
47,14,32.27674134808281,3.570413396296015,0,0
10,61,44.73748228745055,19.25971930583081,0,0
59,51,80.91742087850305,4.500031523274577,0,0
18,42,38.80713548102337,48.67847546393146,0,0
71,42,30.239786191320803,5.7049077233455385,0,1
11,46,94.31094435975695,31.90217021620382,0,0
13,42,60.40488917496759,30.305103200834587,1,0
17,70,72.60296454901213,36.26287332487103,0,0
16,80,89.27580310560938,48.221990607201874,0,0
71,73,28.308577845176718,45.90426991715753,0,1
52,19,61.06472906622652,22.458996045823696,1,0
18,43,89.35858417715498,22.69323414028693,1,0
75,39,34.49498947934839,3.4813391457097715,1,1
94,81,95.82898109185983,29.603459720138478,0,1
48,11,36.753343972572715,11.122662540338697,1,0
70,22,59.187758712774304,40.259882806002935,0,0
56,28,63.415203850146746,38.440601899187996,1,0
76,69,77.49418769194786,46.49213203593343,0,1
99,12,86.4926504236123,10.83005042998759,0,1
18,63,59.58723499896642,10.475273812579271,1,0
61,28,84.60620390223143,1.6977820763923448,1,0
61,57,10.094011892834065,5.004707210004309,0,0
79,58,10.797975407345499,30.577449639802435,1,1
90,51,94.44656931213561,36.45698288084041,0,1
95,20,94.19401451876675,44.23110204267414,0,1
86,69,14.780485003008325,37.512375218004685,1,1
48,54,29.19953220808948,0.4066964183702557,1,0
88,40,82.77912069750289,2.2278746366447106,1,1
15,30,50.38972231331752,5.336898647832947,1,0
32,67,7.145340805503265,24.224474006658966,0,1
79,65,50.798936354961576,14.224894728946607,1,1
56,56,32.480431915293046,32.86787117999793,0,0
93,54,60.66652496646582,41.385285495223734,0,1
44,33,16.27173350068077,45.6426675835284,1,0
46,75,72.3137457360985,21.833028768702338,1,0
42,30,69.61637465954736,43.045019074515885,0,0
23,89,22.191246335736217,11.179523864349123,0,0
67,68,7.043025224248531,10.950533520668085,0,1
64,77,89.62645179855323,24.640938005259656,0,0
57,57,52.78128954990823,36.51887132063692,0,0
93,63,60.44178893428748,24.39628680511698,0,1
42,54,38.346790580105775,31.245426874472585,0,0
